City_ID,City,Lat,Lng,Max Temp,Humidity,Cloudiness,Wind Speed,Country,Date
0,lebu,-37.6167,-73.65,281.76,85,86,0.28,CL,1690423527
1,port-aux-francais,-49.35,70.2167,277.59,78,90,16.12,TF,1690423526
2,jackson,42.4165,-122.8345,305.08,22,0,7.2,US,1690423608
3,ushuaia,-54.8,-68.3,272.96,69,0,2.57,AR,1690423657
4,longyearbyen,78.2186,15.6401,284.06,71,75,1.03,SJ,1690423533
5,port mathurin,-19.6833,63.4167,296.78,79,51,7.81,MU,1690423657
6,st. john's,47.5649,-52.7093,292.19,85,100,8.75,CA,1690423643
7,midyat,37.4247,41.3393,300.53,18,4,2.57,TR,1690423658
8,vung tau,10.346,107.0843,300.97,83,100,7.33,VN,1690423626
9,grytviken,-54.2811,-36.5092,274.02,98,100,5.05,GS,1690423658
10,cruzeiro do sul,-29.5128,-51.9853,289.0,85,13,1.74,BR,1690423447
11,wynyard,-41.0,145.7167,285.64,76,100,3.84,AU,1690423658
12,pitimbu,-7.4706,-34.8086,297.48,87,47,4.49,BR,1690423658
13,whitehorse,60.7161,-135.0538,293.88,63,100,6.71,CA,1690423523
14,waitangi,-43.9535,-176.5597,281.38,88,81,0.45,NZ,1690423525
15,monrovia,6.3005,-10.7969,298.02,89,75,1.85,LR,1690423659
16,talnakh,69.4865,88.3972,297.71,53,81,2.72,RU,1690423549
17,dakhla,23.6848,-15.958,292.92,91,0,10.83,EH,1690423659
18,kongwa,-6.2,36.4167,287.03,79,95,1.82,TZ,1690423659
19,kalemie,-5.9475,29.1947,293.15,66,73,1.35,CD,1690423541
20,taroa,8.7058,171.2275,301.29,78,100,5.07,MH,1690423659
21,vilyuysk,63.7553,121.6247,293.94,36,100,3.15,RU,1690423660
22,recani,31.2846,-4.2688,307.43,12,24,4.5,MA,1690423660
23,kerikeri,-35.2268,173.9474,288.1,80,16,1.34,NZ,1690423660
24,yellowknife,62.456,-114.3525,297.44,33,75,4.63,CA,1690423441
25,lamu,-2.2717,40.902,296.27,83,100,5.78,KE,1690423660
26,constantia,44.1833,28.65,294.65,84,99,6.07,RO,1690423446
27,utrik,11.2278,169.8474,301.4,79,100,8.1,MH,1690423661
28,lata,40.1629,-8.3327,290.41,94,79,1.43,PT,1690423661
29,margaret river,-33.95,115.0667,286.73,68,97,5.36,AU,1690423661
30,bethel,41.3712,-73.414,298.32,78,0,3.6,US,1690423661
31,tiksi,71.6872,128.8694,280.89,71,33,2.85,RU,1690423662
32,ghadamis,30.1337,9.5007,305.13,32,0,5.09,LY,1690423662
33,edinburgh of the seven seas,-37.0676,-12.3116,283.91,52,62,10.43,SH,1690423662
34,nova sintra,14.8667,-24.7167,296.21,85,71,7.24,CV,1690423662
35,daru,-9.0763,143.2092,299.35,81,49,7.93,PG,1690423662
36,avarua,-21.2078,-159.775,297.18,64,75,3.09,CK,1690423662
37,puerto ayora,-0.7393,-90.3518,297.9,93,84,3.13,EC,1690423537
38,sooke,48.3746,-123.7276,295.14,76,100,2.64,CA,1690423663
39,punta arenas,-53.15,-70.9167,272.72,78,16,3.93,CL,1690423552
40,jiaojiang,28.6803,121.4428,298.71,92,100,2.94,CN,1690423663
41,san patricio,28.017,-97.5169,303.25,72,53,5.74,US,1690423663
42,blackmans bay,-43.0167,147.3167,285.78,71,100,2.03,AU,1690423663
43,touros,-5.1989,-35.4608,297.03,89,34,5.09,BR,1690423664
44,prince albert,53.2001,-105.7677,289.12,88,75,6.17,CA,1690423664
45,chakradharpur,22.7,85.6333,300.67,86,87,3.9,IN,1690423664
46,georgetown,5.4112,100.3354,302.11,93,20,1.03,MY,1690423516
47,tofol,5.3248,163.0078,300.91,78,100,2.57,FM,1690423665
48,keflavik,64.0049,-22.5624,283.39,87,40,6.17,IS,1690423665
49,alice springs,-23.7,133.8833,295.9,49,40,5.14,AU,1690423665
50,iqaluit,63.7506,-68.5145,275.66,87,94,1.51,CA,1690423665
51,puerto deseado,-47.7503,-65.8938,273.61,72,42,3.87,AR,1690423665
52,vorkuta,67.5,64.0,286.83,91,100,2.04,RU,1690423665
53,macusani,-14.0833,-70.4333,274.39,88,67,2.65,PE,1690423666
54,ulladulla,-35.35,150.4667,292.64,30,0,2.78,AU,1690423666
55,wailua homesteads,22.0669,-159.378,302.39,78,75,7.2,US,1690423666
56,hilo,19.7297,-155.09,301.0,81,75,4.12,US,1690423607
57,tolanaro,-25.0319,46.9987,292.07,60,85,4.66,MG,1690423666
58,adamstown,-25.066,-130.1015,292.94,63,42,6.66,PN,1690423666
59,bredasdorp,-34.5322,20.0403,281.93,91,0,1.98,ZA,1690423666
60,itoman,26.1247,127.6694,303.16,82,75,7.2,JP,1690423667
61,posadas,-27.3671,-55.8961,288.14,77,75,4.12,AR,1690423667
62,puerto natales,-51.7236,-72.4875,271.77,92,100,1.18,CL,1690423521
63,ilulissat,69.2167,-51.1,281.16,66,0,2.06,GL,1690423667
64,orhaneli,39.9033,28.9906,300.09,26,34,2.49,TR,1690423667
65,invercargill,-46.4,168.35,280.57,70,100,7.29,NZ,1690423667
66,sur,22.5667,59.5289,300.99,75,80,5.11,OM,1690423668
67,mangrol,21.1167,70.1167,300.48,85,100,7.5,IN,1690423668
68,isafjordur,66.0755,-23.124,280.08,87,99,5.26,IS,1690423668
69,vilyuchinsk,52.9306,158.4028,296.3,80,99,3.17,RU,1690423668
70,bartlesville,36.7473,-95.9808,304.32,62,0,3.09,US,1690423668
71,santa elena de uairen,4.6167,-61.1333,293.01,94,100,0.71,VE,1690423668
72,remire-montjoly,4.9167,-52.2667,298.17,94,75,0.0,GF,1690423670
73,smithers,54.7804,-127.1743,293.25,50,100,2.82,CA,1690423670
74,yeppoon,-23.1333,150.7333,296.03,61,47,7.44,AU,1690423670
75,tamanrasset,22.785,5.5228,300.1,11,0,2.57,DZ,1690423670
76,freeport,40.6576,-73.5832,300.38,79,0,6.69,US,1690423581
77,eilat,29.5581,34.9482,304.06,30,0,3.09,IL,1690423671
78,kodinsk,58.6881,99.1844,296.6,60,14,2.08,RU,1690423671
79,ola,59.5833,151.2833,289.34,98,100,4.17,RU,1690423671
80,bardai,11.65,7.2333,295.98,84,97,3.99,NG,1690423671
81,saipan,15.1355,145.701,301.54,100,40,5.66,MP,1690423671
82,vallenar,-28.5708,-70.7581,288.42,71,100,0.75,CL,1690423671
83,port moresby,-9.4431,147.1797,301.31,68,30,6.47,PG,1690423671
84,karabar,-35.3753,149.2308,285.88,66,0,4.63,AU,1690423672
85,jamestown,42.097,-79.2353,294.92,97,100,5.14,US,1690423511
86,enewetak,11.3474,162.3373,301.68,77,100,6.01,MH,1690423672
87,el soberbio,-27.2985,-54.1988,288.87,95,40,1.31,AR,1690423672
88,sotouboua,8.5667,0.9833,295.21,96,76,1.16,TG,1690423672
89,xining,36.6167,101.7667,288.23,83,100,1.36,CN,1690423673
90,qamdo,31.1667,97.2333,280.56,67,98,2.39,CN,1690423673
91,port alfred,-33.5906,26.891,289.49,82,92,4.77,ZA,1690423673
92,kapuskasing,49.4169,-82.4331,290.59,81,19,0.68,CA,1690423673
93,hasaki,35.7333,140.8333,312.21,73,13,4.79,JP,1690423673
94,peterhead,57.5058,-1.7981,286.37,84,24,6.23,GB,1690423673
95,huarmey,-10.0681,-78.1522,293.37,82,85,4.59,PE,1690423674
96,amga,60.8953,131.9608,295.77,49,100,2.08,RU,1690423674
97,namibe,-15.1961,12.1522,288.58,91,69,3.97,AO,1690423530
98,hassi messaoud,31.6804,6.0729,307.95,12,0,4.57,DZ,1690423674
99,akom ii,2.7833,10.5667,294.49,99,99,0.68,CM,1690423674
100,sao vicente,-23.9631,-46.3919,299.41,26,2,2.13,BR,1690423675
101,porto novo,6.4965,2.6036,297.31,94,98,2.38,BJ,1690423675
102,vineyard,38.4645,-121.3469,308.33,36,0,6.69,US,1690423675
103,ribeira brava,32.65,-17.0667,294.5,72,1,1.75,PT,1690423675
104,port augusta,-32.5,137.7667,293.99,35,84,10.13,AU,1690423675
105,diffa,13.3154,12.6113,302.88,45,91,4.15,NE,1690423675
106,kirensk,57.7853,108.1119,297.11,64,99,1.49,RU,1690423675
107,baise city,23.8997,106.6133,304.02,71,99,0.49,CN,1690423676
108,mejit,10.2753,170.8646,301.24,80,100,7.25,MH,1690423676
109,sao joao da barra,-21.6403,-41.0511,295.23,85,99,7.5,BR,1690423676
110,allen,41.0706,-85.0144,301.64,72,100,5.14,US,1690423676
111,lalibela,12.0333,39.0333,287.24,85,76,0.88,ET,1690423676
112,atafu village,-8.5421,-172.5159,301.67,75,100,8.04,TK,1690423677
113,san luis de la loma,17.2706,-100.8939,301.06,79,51,3.02,MX,1690423677
114,yilan,24.757,121.753,302.07,96,100,8.67,TW,1690423677
115,cockburn town,21.4612,-71.1419,301.72,84,74,9.56,TC,1690423677
116,nanao,37.05,136.9667,309.41,60,0,1.26,JP,1690423677
117,faya-largeau,17.9257,19.1043,305.15,11,12,3.04,TD,1690423677
118,prince george,53.9166,-122.753,289.27,69,100,1.83,CA,1690423608
119,inderbor,48.55,51.7833,299.37,41,1,2.12,KZ,1690423678
120,wladyslawowo,54.7909,18.4009,286.44,86,68,5.41,PL,1690423678
121,dolinsk,47.35,142.8,300.55,51,6,5.89,RU,1690423678
122,stanley,54.868,-1.6985,286.64,94,75,1.54,GB,1690423678
123,crystal city,28.6775,-99.8281,308.21,18,0,5.19,US,1690423678
124,warrnambool,-38.3833,142.4833,287.79,61,4,7.33,AU,1690423678
125,bilibino,68.0546,166.4372,284.63,68,100,1.86,RU,1690423679
126,nadym,65.5333,72.5167,294.23,69,15,3.16,RU,1690423679
127,glace bay,46.1969,-59.957,294.58,85,20,3.09,CA,1690423461
128,arraial do cabo,-22.9661,-42.0278,294.15,88,25,9.36,BR,1690423679
129,bubaque,11.2833,-15.8333,300.71,81,100,5.28,GW,1690423539
130,band,46.5833,24.3833,288.69,88,75,4.12,RO,1690423679
131,berdigestyakh,62.0989,126.6992,295.17,46,100,1.52,RU,1690423679
132,kokpekty,48.75,82.4,301.25,23,97,1.25,KZ,1690423680
133,rutland,43.6167,-73.0162,296.53,84,0,2.57,US,1690423423
134,palmer,42.1584,-72.3287,297.38,72,40,4.63,US,1690423603
135,college,64.8569,-147.8028,302.92,52,75,1.34,US,1690423680
136,juan griego,11.0817,-63.9655,306.22,55,98,5.14,VE,1690423680
137,monte argentario,42.4345,11.1195,294.36,65,6,3.42,IT,1690423680
138,hard bargain,26.3167,-77.5667,301.4,73,100,5.1,BS,1690423680
139,uturoa,-16.7333,-151.4333,298.91,83,47,3.73,PF,1690423681
140,petropavlovsk-kamchatsky,53.0452,158.6483,295.48,64,20,5.0,RU,1690423547
141,nguigmi,14.2495,13.1092,301.62,63,94,5.28,NE,1690423681
142,mount pearl,47.5166,-52.7813,291.73,85,100,8.75,CA,1690423568
143,codrington,-38.2667,141.9667,287.64,63,1,8.03,AU,1690423567
144,male,4.1748,73.5089,302.12,84,40,2.57,MV,1690423682
145,la passe,45.5549,-0.8967,292.58,94,15,2.94,FR,1690423682
146,natal,-5.795,-35.2094,297.51,100,40,3.09,BR,1690423525
147,puerto cabezas,14.0351,-83.3888,299.15,85,100,3.84,NI,1690423682
148,queenstown,-31.8976,26.8753,282.6,88,55,1.8,ZA,1690423683
149,albany,42.6001,-73.9662,297.51,81,100,2.06,US,1690423066
150,lihue,21.9789,-159.3672,302.73,73,75,7.2,US,1690423532
151,hermanus,-34.4187,19.2345,284.92,83,0,2.86,ZA,1690423684
152,whangarei,-35.7317,174.3239,286.2,84,54,5.3,NZ,1690423684
153,nacala,-14.5428,40.6728,290.84,86,1,3.9,MZ,1690423684
154,yanchep,-31.55,115.6833,289.6,70,100,5.46,AU,1690423684
155,mahenge,-8.6833,36.7167,286.65,78,30,0.38,TZ,1690423685
156,flying fish cove,-10.4217,105.6791,298.97,83,100,5.14,CX,1690423685
157,kuanda,56.3161,116.0806,298.7,55,62,0.33,RU,1690423685
158,papatowai,-46.5619,169.4708,280.06,71,100,9.81,NZ,1690423521
159,gadzhiyevo,69.2551,33.3362,283.35,95,100,0.84,RU,1690423685
160,mezhdurechenskiy,59.6,65.9333,290.9,76,43,2.75,RU,1690423685
161,nagqu,31.5,92.0,280.62,68,100,0.6,CN,1690423686
162,ancud,-41.8697,-73.8203,281.12,91,100,2.21,CL,1690423686
163,tazovsky,67.4667,78.7,291.55,76,11,1.1,RU,1690423686
164,cidreira,-30.1811,-50.2056,288.67,82,74,7.14,BR,1690423686
165,suva,-18.1416,178.4415,292.86,94,100,3.09,FJ,1690423465
166,hastings,50.8552,0.5729,290.01,51,100,10.12,GB,1690423687
167,ribeira grande,38.5167,-28.7,296.36,96,42,2.68,PT,1690423687
168,carnarvon,-24.8667,113.6333,290.54,51,30,7.11,AU,1690423687
169,orem,40.2969,-111.6946,302.2,57,91,2.75,US,1690423427
170,saudarkrokur,65.7461,-19.6394,280.72,91,23,2.72,IS,1690423688
171,tateyama,34.9833,139.8667,301.26,76,12,4.17,JP,1690423688
172,okakarara,-20.5833,17.4333,284.24,36,28,1.15,NA,1690423689
173,puerto baquerizo moreno,-0.9,-89.6,297.28,80,99,5.35,EC,1690423689
174,bhimunipatnam,17.8833,83.4333,301.88,87,86,6.04,IN,1690423690
175,cartagena,10.3997,-75.5144,300.94,89,75,2.57,CO,1690423501
176,hirara,24.8,125.2833,305.07,74,75,11.32,JP,1690423690
177,tancitaro,19.3333,-102.3667,288.17,84,96,1.55,MX,1690423690
178,okhotsk,59.3833,143.3,290.56,83,96,1.02,RU,1690423690
179,salmon arm,50.6998,-119.3024,298.39,38,9,1.72,CA,1690423691
180,castillos,-34.1667,-53.8333,282.71,80,0,6.08,UY,1690423691
181,hamilton,39.1834,-84.5333,302.27,72,0,7.2,US,1690423527
182,tuy hoa,13.0833,109.3,304.31,63,91,7.65,VN,1690423692
183,mora,11.0461,14.1401,299.4,64,100,2.38,CM,1690423636
184,escanaba,45.7453,-87.0646,294.13,100,0,0.0,US,1690423692
185,crane,31.3974,-102.3501,305.4,28,14,6.85,US,1690423693
186,bykovo,55.6361,38.0803,290.38,100,0,2.0,RU,1690423693
187,muroto-misakicho,33.2833,134.15,301.55,75,100,1.94,JP,1690423693
188,fukuecho,32.6881,128.8419,301.68,77,8,3.27,JP,1690423694
189,san antonio de pale,-1.4014,5.6325,295.96,90,100,4.91,GQ,1690423694
190,kutum,14.2,24.6667,296.36,68,82,5.01,SD,1690423694
191,bel ombre,-4.6167,55.4167,298.21,84,97,6.74,SC,1690423694
192,chibougamau,49.9168,-74.3659,287.66,95,100,2.51,CA,1690423695
193,altai,46.3722,96.2583,293.81,22,59,0.86,MN,1690423695
194,cill airne,52.05,-9.5167,288.94,99,100,2.28,IE,1690423695
195,coquimbo,-29.9533,-71.3436,286.0,87,0,2.06,CL,1690423665
196,ketchikan,55.3422,-131.6461,292.41,68,75,4.12,US,1690423636
197,zalesovo,53.9939,84.7431,295.72,50,85,0.85,RU,1690423696
198,cudahy,33.9606,-118.1853,310.95,47,0,4.63,US,1690423696
199,vorgashor,67.5833,63.95,286.32,92,100,2.09,RU,1690423696
200,okha,53.5739,142.9478,287.17,95,100,1.63,RU,1690423697
201,katsuren-haebaru,26.3369,127.8719,303.16,84,100,7.2,JP,1690423551
202,pekan,3.4836,103.3996,300.84,79,100,2.64,MY,1690423698
203,taoudenni,22.6783,-3.9836,310.66,23,25,3.96,ML,1690423698
204,susuman,62.7833,148.1667,282.87,82,100,2.84,RU,1690423698
205,severo-yeniseyskiy,60.3725,93.0408,289.13,93,100,1.15,RU,1690423572
206,alofi,-19.0595,-169.9187,298.09,65,75,1.54,NU,1690423698
207,kununurra,-15.7667,128.7333,297.14,38,8,2.57,AU,1690423402
208,aripuana,-9.1667,-60.6333,296.91,54,13,0.37,BR,1690423699
209,nuuk,64.1835,-51.7216,278.49,100,100,6.69,GL,1690423501
210,kailua-kona,19.6406,-155.9956,302.32,80,40,5.66,US,1690423699
211,port macquarie,-31.4333,152.9167,293.65,53,0,3.21,AU,1690423700
212,vila velha,-20.3297,-40.2925,294.23,89,40,1.03,BR,1690423700
213,concepcion,-36.827,-73.0498,281.04,100,51,0.0,CL,1690423701
214,erbaa,40.6689,36.5675,293.38,58,0,1.27,TR,1690423701
215,ust-nera,64.5667,143.2,287.57,58,100,3.31,RU,1690423701
216,anadyr,64.75,177.4833,286.43,82,75,5.0,RU,1690423701
217,rongelap,11.1635,166.8941,301.38,79,100,7.97,MH,1690423701
218,fallon,39.4735,-118.7774,307.29,15,40,6.17,US,1690423446
219,kodiak,57.79,-152.4072,287.88,82,100,3.09,US,1690423702
220,cascavel,-24.9558,-53.4553,287.95,74,16,2.37,BR,1690423702
221,sumbe,-11.2061,13.8437,292.81,94,6,3.43,AO,1690423702
222,huntingburg,38.2989,-86.955,299.8,83,0,5.14,US,1690423634
223,nar'yan-mar,67.6713,53.087,290.68,70,99,1.67,RU,1690423703
224,thompson,55.7435,-97.8558,287.24,77,100,0.0,CA,1690423703
225,mahajanga,-15.7167,46.3167,295.51,59,25,6.6,MG,1690423703
226,vila franca do campo,37.7167,-25.4333,293.38,85,0,2.19,PT,1690423562
227,pisco,-13.7,-76.2167,291.18,82,0,5.66,PE,1690423587
228,new norfolk,-42.7826,147.0587,286.44,58,100,1.79,AU,1690423704
229,pocahontas,36.2615,-90.9712,302.1,87,0,5.14,US,1690423704
230,fort bragg,35.139,-79.006,302.49,77,0,2.57,US,1690423530
231,mata-utu,-13.2816,-176.1745,299.71,77,100,7.41,WF,1690423704
232,mount gambier,-37.8333,140.7667,287.84,56,1,5.56,AU,1690423704
233,lib,8.3122,167.3766,301.57,75,66,3.89,MH,1690423705
234,terrace,54.5163,-128.6035,294.1,52,75,3.6,CA,1690423487
235,church hill,36.5223,-82.7135,300.58,77,1,1.23,US,1690423705
236,ulsteinvik,62.3432,5.8487,289.68,90,97,1.89,NO,1690423705
237,cadale,2.7603,46.3222,297.73,84,100,7.31,SO,1690423705
238,ubari,26.5921,12.7805,304.4,10,2,2.95,LY,1690423705
239,chonchi,-42.6128,-73.8092,281.55,98,100,1.18,CL,1690423523
240,sola,-13.8833,167.55,297.84,82,100,12.39,VU,1690423541
241,tura,25.5198,90.2201,297.42,97,100,2.31,IN,1690423707
242,carutapera,-1.195,-46.02,298.05,86,35,2.93,BR,1690423707
243,plaza huincul,-38.926,-69.2086,281.01,10,100,0.45,AR,1690423707
244,baymak,52.5933,58.3225,290.96,72,13,2.26,RU,1690423708
245,jiwani,25.05,61.7417,300.88,85,92,4.91,PK,1690423708
246,salinas,36.6777,-121.6555,297.48,79,100,7.72,US,1690423708
247,olonkinbyen,70.9221,-8.7187,277.8,90,100,4.7,SJ,1690423709
248,hinton,53.4001,-117.5857,285.33,86,100,2.44,CA,1690423710
249,chesma,53.8111,60.6533,290.79,79,2,3.12,RU,1690423710
250,rikaze,29.25,88.8833,282.97,85,100,1.52,CN,1690423710
251,mus,39.0,41.75,287.17,57,0,2.23,TR,1690423710
252,praia da vitoria,38.7333,-27.0667,295.24,92,39,2.93,PT,1690423711
253,pontal do parana,-25.6533,-48.5128,293.73,75,100,1.6,BR,1690423711
254,udachny,66.4167,112.4,295.07,52,99,4.71,RU,1690423712
255,urengoy,65.9667,78.3667,296.14,58,99,1.64,RU,1690423712
256,pacific grove,36.6177,-121.9166,294.93,89,100,4.12,US,1690423713
257,cabo san lucas,22.8909,-109.9124,305.71,74,20,4.63,MX,1690423599
258,abepura,-2.6333,140.5833,299.6,78,40,4.12,ID,1690423715
259,weno,7.4515,151.8468,301.56,74,22,3.17,FM,1690423565
260,labrador city,52.9463,-66.9114,287.1,82,75,4.63,CA,1690423715
261,san ramon,37.7799,-121.978,302.81,63,0,7.2,US,1690423607
262,floro,61.5996,5.0328,288.19,88,100,3.09,NO,1690423715
263,port lincoln,-34.7333,135.8667,290.74,56,100,9.28,AU,1690423716
264,afaahiti,-17.75,-149.2833,297.08,83,69,2.64,PF,1690423716
265,ulysses,37.5814,-101.3552,303.68,54,0,4.12,US,1690423716
266,sedhiou,12.7081,-15.5569,298.14,95,100,1.81,SN,1690423716
267,kapa'a,22.0752,-159.319,303.14,78,75,7.2,US,1690423716
268,kokopo,-4.352,152.2633,302.69,68,89,6.7,PG,1690423717
269,isabela,6.7085,121.9711,302.29,73,90,3.09,PH,1690423717
270,edmundston,47.3737,-68.3251,294.78,78,20,2.06,CA,1690423717
271,flin flon,54.7682,-101.865,284.52,94,100,4.66,CA,1690423717
272,cativa,9.3606,-79.8436,300.48,88,100,2.24,PA,1690423718
273,burutu,5.3509,5.5076,298.14,89,100,2.28,NG,1690423718
274,hawaiian paradise park,19.5933,-154.9731,300.88,84,75,4.12,US,1690423718
275,kwang binh,17.4833,106.6,305.69,59,100,2.82,VN,1690423718
276,naze,28.3667,129.4833,299.01,83,100,6.43,JP,1690423718
277,tsiombe,-25.3,45.4833,291.18,57,0,5.81,MG,1690423719
278,geraldton,-28.7667,114.6,287.38,88,100,3.09,AU,1690423719
279,rehoboth,-23.3167,17.0833,284.97,25,0,1.12,NA,1690423719
280,bayanhongor,46.7167,100.1167,290.71,38,55,0.68,MN,1690423719
281,maun,-19.9833,23.4167,285.57,49,0,2.77,BW,1690423719
282,mstsislaw,54.0192,31.7257,287.31,94,100,2.19,BY,1690423719
283,egilsstadir,65.2653,-14.3948,280.79,96,100,3.93,IS,1690423720
284,metlili chaamba,32.2667,3.6333,306.14,11,0,2.98,DZ,1690423720
285,yanam,16.7333,82.2167,298.04,91,100,4.97,IN,1690423720
286,fortuna,40.5982,-124.1573,291.99,73,0,5.66,US,1690423720
287,nova vicosa,-17.8919,-39.3719,294.59,79,3,2.33,BR,1690423720
288,thames,-37.1333,175.5333,284.64,91,81,5.86,NZ,1690423720
289,chickasaw,30.7638,-88.0747,302.43,72,0,1.54,US,1690423720
290,kapoeta,4.7717,33.5903,294.42,91,100,1.99,SS,1690423721
291,sao pedro do sul,-29.6206,-54.1789,284.51,94,53,1.72,BR,1690423429
292,bol,13.4586,14.7147,300.63,72,94,7.97,TD,1690423721
293,worrstadt,49.8486,8.1242,288.15,87,100,0.89,DE,1690423721
294,qaqortoq,60.7167,-46.0333,279.8,83,89,1.44,GL,1690423721
295,san felipe,10.3399,-68.7425,296.6,91,38,1.51,VE,1690423721
296,timimoun,29.2639,0.231,309.48,9,0,2.56,DZ,1690423722
297,tocopilla,-22.092,-70.1979,290.53,75,36,2.22,CL,1690423722
298,happy valley-goose bay,53.3168,-60.3315,290.18,66,20,1.8,CA,1690423722
299,fossombrone,43.6908,12.8127,293.36,80,20,1.41,IT,1690423722
300,broken hill,-31.95,141.4333,292.2,33,3,9.2,AU,1690423722
301,yamada,39.4667,141.95,302.85,61,17,1.64,JP,1690423722
302,carauari,-4.8828,-66.8958,298.74,67,75,0.95,BR,1690423723
303,darnah,32.767,22.6367,302.89,48,0,6.86,LY,1690423723
304,al markaz,25.4,49.7333,304.61,35,98,1.44,SA,1690423723
305,kalengwa,-13.4659,25.0027,284.75,63,0,2.07,ZM,1690423723
306,midvagur,62.0511,-7.1939,281.61,81,100,4.12,FO,1690423724
307,island harbour,50.724,-1.2758,290.89,95,100,5.81,GB,1690423724
308,tazacorte,28.629,-17.9293,295.69,81,75,4.63,ES,1690423523
309,iskateley,67.6803,53.1512,290.56,71,99,1.68,RU,1690423541
310,palikir - national government center,6.9248,158.1611,303.62,70,75,2.57,FM,1690423724
311,hithadhoo,-0.6,73.0833,301.47,78,31,7.31,MV,1690423725
312,kil bhuvanagiri,11.4667,79.6333,300.25,72,97,4.26,IN,1690423725
313,borzna,51.2546,32.4269,289.82,96,56,2.64,UA,1690423725
314,yerofey pavlovich,53.9667,121.9667,298.37,53,100,3.55,RU,1690423725
315,najran,17.4924,44.1277,301.86,16,99,2.85,SA,1690423725
316,lompoc,34.6391,-120.4579,297.23,83,100,5.81,US,1690423725
317,melekeok village,7.4957,134.6367,298.46,94,100,7.2,PW,1690423725
318,fale old settlement,-9.3852,-171.2468,301.65,73,29,7.95,TK,1690423726
319,mount isa,-20.7333,139.5,298.02,53,9,6.17,AU,1690423726
320,la'ie,21.6477,-157.9253,304.13,74,20,7.43,US,1690423726
321,kyren,51.6828,102.1408,291.2,81,64,0.81,RU,1690423726
322,reggane,26.7158,0.1714,311.48,14,32,1.63,DZ,1690423726
323,tubmanburg,6.8708,-10.8172,295.61,99,62,0.5,LR,1690423727
324,wanxian,30.8039,108.3897,302.62,78,100,2.42,CN,1690423727
325,sanming,26.2486,117.6186,301.87,73,91,4.82,CN,1690423727
326,sunrise manor,36.2111,-115.0731,316.88,11,0,8.75,US,1690423478
327,gornopravdinsk,60.05,69.9,290.4,89,45,2.32,RU,1690423727
328,port pirie,-33.1833,138.0167,292.47,44,98,6.7,AU,1690423727
329,bangor,54.6534,-5.669,289.31,98,100,1.03,GB,1690423650
330,ibanda,-2.7974,32.4746,289.04,50,68,2.67,TZ,1690423728
331,wurtulla,-26.7568,153.1256,294.3,63,94,2.24,AU,1690423728
332,khandyga,62.6667,135.6,295.25,30,0,5.46,RU,1690423728
333,puerto aysen,-45.4,-72.7,276.22,98,100,0.2,CL,1690423728
334,letlhakeng,-24.0944,25.0298,285.0,67,5,4.04,BW,1690423728
335,saint-philippe,-21.3585,55.7679,292.92,82,55,4.84,RE,1690423729
336,lodwar,3.1191,35.5973,300.5,42,87,4.87,KE,1690423729
337,lazaro cardenas,17.9583,-102.2,301.53,75,61,2.39,MX,1690423526
338,lycksele,64.5954,18.6735,285.08,94,75,0.0,SE,1690423729
339,hilton head island,32.2163,-80.7526,302.03,82,0,0.0,US,1690423515
340,merowe,18.4833,31.8167,305.66,38,78,7.41,SD,1690423729
341,wewak,-3.5534,143.6268,302.33,70,45,1.77,PG,1690423729
342,usinsk,65.9939,57.5281,289.56,85,62,1.9,RU,1690423729
343,bikenibeu village,1.3673,173.1241,304.13,70,40,3.09,KI,1690423730
344,zalingei,12.9096,23.4741,295.56,83,100,2.17,SD,1690423730
345,wenling,28.3669,121.36,297.77,92,100,4.44,CN,1690423693
346,juneau,58.3019,-134.4197,290.15,100,75,3.6,US,1690423715
347,rio grande,-32.035,-52.0986,285.34,87,2,6.9,BR,1690423730
348,makokou,0.5738,12.8642,294.13,96,73,1.4,GA,1690423730
349,prince rupert,54.3161,-130.3201,289.52,72,85,2.07,CA,1690423730
350,uttar char fasson,22.2332,90.7132,301.99,82,100,7.48,BD,1690423731
351,nantucket,41.2835,-70.0995,297.59,96,5,6.52,US,1690423515
352,dudinka,69.4058,86.1778,299.05,60,67,1.75,RU,1690423731
353,rensselaer,42.7168,-73.4829,296.84,78,100,3.38,US,1690423731
354,zhicheng,30.2956,111.5047,302.25,76,100,2.18,CN,1690423731
355,lautoka,-17.6167,177.4667,295.07,88,100,2.57,FJ,1690423709
356,mettingen,52.3167,7.7833,288.02,77,100,3.47,DE,1690423732
357,lijiang,26.8688,100.2207,291.78,81,100,1.69,CN,1690423732
358,sinop,41.7711,34.8709,295.76,41,0,5.26,TR,1690423732
359,agat village,13.3886,144.6585,300.67,90,0,4.12,GU,1690423732
360,coahuayana de hidalgo,18.7,-103.6583,300.8,81,74,1.05,MX,1690423732
361,tynda,55.1667,124.7167,298.45,55,13,2.01,RU,1690423732
362,port blair,11.6667,92.75,302.17,84,40,5.66,IN,1690423732
363,villa union,23.2,-106.2333,303.72,79,100,0.0,MX,1690423733
364,mugia,43.1041,-9.2179,291.99,79,99,3.16,ES,1690423733
365,bathsheba,13.2167,-59.5167,301.51,89,40,7.2,BB,1690423733
366,porkhov,57.765,29.5561,284.69,98,100,2.11,RU,1690423733
367,port elizabeth,-33.918,25.5701,284.32,81,97,6.22,ZA,1690423733
368,santa ana de yacuma,-13.75,-65.4333,299.09,43,0,1.21,BO,1690423733
369,bismarck,46.8083,-100.7837,302.06,51,0,2.06,US,1690423441
370,san fernando de apure,7.8878,-67.4724,297.24,97,93,1.69,VE,1690423734
371,novomikhaylovskiy,44.2581,38.8578,295.26,82,0,1.63,RU,1690423734
372,obigarm,38.7173,69.7088,299.13,25,2,2.18,TJ,1690423734
373,berezovyy,51.6667,135.7,300.59,58,27,0.09,RU,1690423734
374,pathein,16.7833,94.7333,302.15,77,39,4.81,MM,1690423734
375,nampula,-15.1165,39.2666,289.12,94,20,5.14,MZ,1690423734
376,mogocha,53.7333,119.7667,297.21,57,100,3.1,RU,1690423734
377,matoury,4.8483,-52.3317,298.13,94,75,0.0,GF,1690423734
378,riviere-du-loup,47.8304,-69.5342,295.3,73,100,3.09,CA,1690423584
379,aasiaat,68.7098,-52.8699,275.23,96,32,3.02,GL,1690423735
380,laboulaye,-34.1266,-63.3912,280.95,57,100,2.48,AR,1690423735
381,shetpe,44.1667,52.1167,295.87,74,0,2.3,KZ,1690423735
382,achikulak,44.5517,44.8378,292.77,82,0,3.39,RU,1690423735
383,alesund,62.4723,6.1549,289.68,93,100,4.12,NO,1690423735
384,fort st. john,56.2499,-120.8529,288.09,94,100,4.12,CA,1690423735
385,strelka,58.0728,93.0344,293.27,78,82,1.75,RU,1690423736
386,kone,-21.0595,164.8658,297.6,39,0,4.38,NC,1690423541
387,bida,9.0833,6.0167,298.37,85,95,1.75,NG,1690423737
388,petropavl,54.8753,69.1628,293.22,58,42,2.06,KZ,1690423737
389,den burg,53.0542,4.7972,289.14,88,75,3.09,NL,1690423737
390,bandar-e anzali,37.4727,49.4622,294.21,77,1,1.35,IR,1690423737
391,sekong,-6.3996,106.0252,300.29,74,81,1.83,ID,1690423738
392,port saint john's,-31.6229,29.5448,292.32,65,40,8.72,ZA,1690423738
393,aleksandrovsk-sakhalinskiy,50.8975,142.1561,292.04,91,98,2.74,RU,1690423738
394,qa'en,33.7265,59.1844,296.19,45,0,2.06,IR,1690423738
395,mar del plata,-38.0023,-57.5575,282.64,81,75,8.05,AR,1690423473
396,west island,-12.1568,96.8225,296.14,94,75,8.23,CC,1690423452
397,nemuro,43.3236,145.575,292.83,91,100,3.09,JP,1690423503
398,bani walid,31.7566,13.9942,296.87,78,0,3.7,LY,1690423739
399,ugoofaaru,5.6667,73.0,301.08,72,100,1.11,MV,1690423739
400,kamaishi,39.2667,141.8833,301.73,67,49,1.17,JP,1690423739
401,malvan,16.0667,73.4667,298.54,90,100,8.82,IN,1690423739
402,jayapura,-2.5333,140.7,299.81,95,100,3.05,ID,1690423739
403,guerrero negro,27.9769,-114.0611,295.31,73,4,6.33,MX,1690423740
404,urangan,-25.3,152.9,292.7,84,91,6.21,AU,1690423661
405,casteljaloux,44.3176,0.0861,289.1,95,0,0.39,FR,1690423740
406,felahiye,39.0906,35.5672,281.56,23,0,1.31,TR,1690423740
407,shimoda,34.6667,138.95,305.99,66,22,2.65,JP,1690423740
408,el porvenir,13.7617,-87.3458,299.78,69,45,2.81,HN,1690423740
409,sao mateus,-18.7161,-39.8589,292.54,85,3,0.66,BR,1690423741
410,port hueneme,34.1478,-119.1951,309.14,69,0,5.14,US,1690423741
411,howrah,22.5892,88.3103,302.15,89,75,3.6,IN,1690423741
412,colchani,-20.3,-66.9333,277.08,25,0,3.42,BO,1690423741
413,mont-laurier,46.5501,-75.4993,291.67,98,100,0.54,CA,1690423741
414,piti village,13.4626,144.6933,300.64,90,0,4.12,GU,1690423742
415,port hedland,-20.3167,118.5667,298.18,47,40,4.12,AU,1690423742
416,solnechnyy,50.7214,136.6319,298.66,63,31,1.76,RU,1690423742
417,hammerfest,70.6634,23.6821,284.4,87,100,2.57,NO,1690423656
418,watsa,3.0372,29.5355,290.95,99,99,0.69,CD,1690423742
419,saldanha,-33.0117,17.9442,285.35,91,93,5.03,ZA,1690423742
420,oranjemund,-28.55,16.4333,284.61,73,0,2.77,NA,1690423743
421,jevargi,17.0167,76.7667,296.36,92,100,8.71,IN,1690423743
422,bazar-korgon,41.0376,72.7459,302.22,24,30,2.14,KG,1690423743
423,mopti,14.6667,-4.0,304.88,43,100,3.3,ML,1690423743
424,hadibu,12.65,54.0333,298.14,79,55,11.25,YE,1690423744
425,colares,38.7992,-9.4469,292.58,83,89,13.41,PT,1690423744
426,rawson,-43.3002,-65.1023,277.98,65,65,2.93,AR,1690423744
427,black river,18.0264,-77.8487,300.78,79,76,1.2,JM,1690423744
428,mhamid,29.82,-5.72,307.77,5,0,2.45,MA,1690423744
429,ma'rib,15.4591,45.3253,301.42,25,43,2.1,YE,1690423744
430,jandaia do sul,-23.6031,-51.6433,290.34,68,75,0.85,BR,1690423744
431,pariaman,-0.619,100.12,301.18,71,100,0.58,ID,1690423745
432,polyarnyy,69.1989,33.4478,283.42,96,100,0.86,RU,1690423745
433,pangody,65.85,74.4859,294.92,61,89,3.46,RU,1690423745
434,labytnangi,66.6572,66.4183,290.21,87,99,4.95,RU,1690423745
435,goure,13.9835,10.2704,303.67,47,100,4.79,NE,1690423745
436,nadi,-17.8,177.4167,295.15,88,100,2.57,FJ,1690423746
437,naberera,-4.2,36.9333,285.04,92,8,2.58,TZ,1690423746
438,aykhal,66.0,111.5,289.5,59,100,3.68,RU,1690423746
439,tshabong,-26.05,22.45,283.74,40,0,3.28,BW,1690423746
440,barakani,-12.1356,44.4317,297.49,73,37,5.56,KM,1690423746
441,borogontsy,62.6683,131.1683,295.6,40,47,1.92,RU,1690423746
442,badger,64.8,-147.5333,302.88,51,75,0.0,US,1690423747
443,chifeng,42.2683,118.9636,303.77,47,38,4.37,CN,1690423747
444,vadso,70.0744,29.7487,283.24,93,100,1.03,NO,1690423747
445,hotan,37.0997,79.9269,302.27,27,32,1.45,CN,1690423747
446,al jawf,29.5,38.75,300.97,18,47,2.63,SA,1690423747
447,as sulayyil,20.4607,45.5779,306.43,10,85,3.9,SA,1690423747
448,buka,40.8108,69.1986,303.92,16,4,3.98,UZ,1690423748
449,waingapu,-9.6567,120.2641,299.95,56,6,3.86,ID,1690423748
450,hovd,48.0056,91.6419,296.33,29,100,1.8,MN,1690423540
451,parnu,58.3859,24.4971,283.2,100,100,1.54,EE,1690423748
452,ad dawadimi,24.5077,44.3924,301.31,16,94,3.38,SA,1690423748
453,the pas,53.8251,-101.2541,285.16,94,100,4.63,CA,1690423748
454,biskra,34.8504,5.7281,302.25,51,1,5.96,DZ,1690423748
455,dunedin,-45.8742,170.5036,279.15,80,77,6.71,NZ,1690423565
456,kostomuksha,64.571,30.5767,284.6,93,33,0.79,RU,1690423749
457,olinda,-8.0089,-34.8553,297.0,94,40,2.57,BR,1690423726
458,papao,-17.75,-149.55,297.97,82,39,2.7,PF,1690423545
459,trondheim,63.4305,10.3951,288.66,93,47,0.41,NO,1690423749
460,kristiansund,63.1115,7.732,288.18,94,100,1.54,NO,1690423749
461,purpe,64.4803,76.6897,295.44,57,96,4.72,RU,1690423749
462,yuzhno-kurilsk,44.0306,145.8556,294.9,78,100,2.15,RU,1690423749
463,bei'an,24.5399,109.533,304.64,67,69,3.72,CN,1690423750
464,tavsanli,39.5424,29.4987,296.86,28,7,1.94,TR,1690423750
465,zaozersk,69.4005,32.4476,283.75,94,100,0.72,RU,1690423750
466,acarau,-2.8856,-40.12,298.89,83,11,7.31,BR,1690423750
467,eydhafushi,5.1033,73.0708,301.26,72,99,0.63,MV,1690423750
468,callao,-12.0667,-77.15,292.99,82,100,4.12,PE,1690423561
469,margate,51.3813,1.3862,289.76,94,100,4.47,GB,1690423751
470,yarrawonga,-36.0167,146.0,287.32,63,0,4.14,AU,1690423751
471,nelson bay,-32.7167,152.15,292.04,71,0,1.79,AU,1690423751
472,sardarshahr,28.4333,74.4833,303.52,69,97,2.97,IN,1690423751
473,tobelo,1.7284,128.0095,303.0,65,46,3.88,ID,1690423751
474,thunder bay,48.4001,-89.3168,290.29,94,61,1.48,CA,1690423737
475,nanto-shi,36.5692,136.9116,308.98,55,0,1.34,JP,1690423752
476,arsen'yev,44.1631,133.2733,303.79,56,0,1.21,RU,1690423752
477,kingston,17.997,-76.7936,303.68,74,20,3.09,JM,1690423570
478,kentville,45.0835,-64.4988,292.26,96,68,3.37,CA,1690423752
479,monterey,36.2505,-121.2516,297.44,30,0,5.54,US,1690423694
480,mali,12.079,-12.2982,289.63,92,81,1.26,GN,1690423752
481,arkhangel'sk,64.5401,40.5433,287.77,86,100,1.42,RU,1690423752
482,cabedelo,-6.9811,-34.8339,297.52,87,52,4.59,BR,1690423503
483,maxixe,-23.8597,35.3472,290.4,72,8,1.63,MZ,1690423753
484,dryden,49.7833,-92.7503,295.32,69,80,2.31,CA,1690423753
485,surin,14.8818,103.4936,304.21,99,77,6.17,TH,1690423753
486,lagoa,39.05,-27.9833,295.36,92,41,7.25,PT,1690423753
487,kas,36.2018,29.6377,302.14,38,0,0.54,TR,1690423753
488,molteno,-31.3968,26.3625,281.0,93,30,5.41,ZA,1690423754
489,belle chasse,29.8549,-89.9906,304.15,60,20,2.24,US,1690423754
490,acapulco de juarez,16.8634,-99.8901,303.05,70,75,3.09,MX,1690423559
491,marka,1.7159,44.7717,297.25,85,93,6.5,SO,1690423754
492,los llanos de aridane,28.6585,-17.9182,294.01,81,75,4.63,ES,1690423754
493,toliara,-23.35,43.6667,290.45,54,0,7.19,MG,1690423754
494,kingscliff,-28.2667,153.5667,294.69,63,100,6.69,AU,1690423755
495,sudak,44.85,34.9667,295.0,80,0,2.06,UA,1690423755
496,camana,-16.6228,-72.7111,290.12,88,8,3.08,PE,1690423755
497,sitka,57.0531,-135.33,289.09,82,100,1.54,US,1690423755
498,birao,10.2849,22.7882,295.16,93,100,1.57,CF,1690423755
499,poli,-3.3333,36.8,285.09,91,69,1.77,TZ,1690423756
500,kangal,39.2335,37.3911,289.34,39,0,1.11,TR,1690423756
501,chu,43.5983,73.7614,304.14,18,37,2.06,KZ,1690423756
502,suntar,62.1444,117.6319,292.18,54,96,4.17,RU,1690423756
503,serang,-6.1149,106.1502,300.51,75,51,1.47,ID,1690423756
504,aroma,15.8167,36.1333,296.65,78,100,12.73,SD,1690423757
505,letlhakane,-21.4167,25.5833,285.64,69,0,4.07,BW,1690423757
506,greymouth,-42.4667,171.2,282.72,66,92,4.19,NZ,1690423757
507,patong,7.8961,98.2966,303.72,73,98,7.07,TH,1690423757
508,verkhnevilyuysk,63.4453,120.3167,293.29,39,100,2.5,RU,1690423757
509,novovarshavka,54.1721,74.6946,292.73,75,100,3.72,RU,1690423733
510,tabou,4.423,-7.3528,297.59,90,99,3.64,CI,1690423758
511,saint croix,17.7397,-64.7388,300.4,78,0,4.63,VI,1690423758
512,new plymouth,-39.0667,174.0833,283.88,60,54,10.47,NZ,1690423758
513,chaman,30.9236,66.4512,300.04,54,6,1.96,PK,1690423512
514,rodna,47.4167,24.8167,288.36,99,100,1.8,RO,1690423759
515,luuq,3.7938,42.5445,296.44,70,96,8.26,SO,1690423759
516,newman,37.3138,-121.0208,310.34,43,0,2.68,US,1690423760
517,labinsk,44.6342,40.7356,292.37,74,0,3.23,RU,1690423760
518,kargasok,59.0556,80.8572,291.78,81,11,2.94,RU,1690423761
519,whitecourt,54.1502,-115.6855,285.16,94,100,5.14,CA,1690423761
520,bamboo flat,11.7,92.7167,302.2,84,40,5.66,IN,1690423761
521,sarai,53.7458,41.0213,291.92,91,10,2.76,RU,1690423761
522,kagizman,40.1567,43.1342,286.3,72,2,1.22,TR,1690423761
523,polski trambesh,43.3836,25.6497,292.45,82,15,7.25,BG,1690423761
524,east london,-33.0153,27.9116,290.93,69,100,5.47,ZA,1690423507
525,hirado,33.3597,129.5531,301.45,75,9,0.62,JP,1690423762
526,mersing,2.4312,103.8405,301.31,82,100,3.4,MY,1690423762
527,ingeniero jacobacci,-41.3427,-69.5448,273.93,86,99,1.1,AR,1690423763
528,la tuque,47.4334,-72.7824,291.56,98,100,2.51,CA,1690423763
529,penzance,50.1186,-5.5371,289.53,97,100,10.45,GB,1690423763
530,madera,37.1666,-119.8343,311.62,19,1,4.12,US,1690423763
531,abagur,53.7308,87.2526,292.72,61,79,1.75,RU,1690423764
532,kantunilkin,21.0917,-87.45,300.29,78,4,1.92,MX,1690423481
533,greenwood,34.1668,-82.1165,300.53,62,0,1.54,US,1690423764
534,khanabad,36.6825,69.1156,306.58,11,0,2.78,AF,1690423764
535,al kharijah,25.4514,30.5464,304.18,20,100,2.45,EG,1690423764
536,kenai,60.5544,-151.2583,288.2,90,100,5.66,US,1690423764
537,uige,-7.6087,15.0613,289.81,87,1,0.56,AO,1690423765
538,yarmouth,41.7057,-70.2286,297.59,88,0,4.12,US,1690423765
539,tinogasta,-28.0632,-67.5649,283.0,58,14,0.78,AR,1690423765
540,at taj,24.2049,23.2857,299.66,17,94,2.8,LY,1690423765
541,dongtai,32.8523,120.3095,303.21,73,16,5.44,CN,1690423765
542,ben gardane,33.1378,11.2197,299.74,65,0,4.07,TN,1690423766
543,christies beach,-35.1396,138.4698,290.2,53,96,2.68,AU,1690423766
544,arrifes,37.7667,-25.7,292.29,83,20,2.57,PT,1690423766
